30,https://pbs.twimg.com/media/EZNSmZFXQAEAG1K.jpg,Alex Coco üîú #ZuHause,Twitter,https://twitter.com/cockobcn/status/1266446749956296705,https://twitter.com/cockobcn,3,0,0001-01-01 00:00:00,2020-06-01 20:29:07.8917141,2020-06-01 20:28:22.8731204,1
31,https://pbs.twimg.com/media/ESme_JOXgAE-6xD.jpg,ÔπùVEC.TORÔπû‚îñ DROID-1072‚îí,Twitter,https://twitter.com/ThatSassyDroid/status/1236694388690104321,https://twitter.com/ThatSassyDroid,3,0,0001-01-01 00:00:00,2020-06-01 20:30:34.7136225,2020-06-01 20:29:08.6436495,1
32,https://pbs.twimg.com/media/EZTAeyeWAAILklo.jpg,2soxguys,Twitter,https://twitter.com/2soxguys/status/1266849036830638092,https://twitter.com/2soxguys,3,0,0001-01-01 00:00:00,2020-06-01 21:00:34.9395396,2020-06-01 20:30:35.7527613,1
33,https://video.twimg.com/ext_tw_video/1267384835229863936/pu/vid/720x1280/zGx2GRjrv-j21SyF.mp4?tag=10,Êô®Êµ∑,Twitter,https://twitter.com/chenhai233/status/1267384895569100800,https://twitter.com/chenhai233,3,2,0001-01-01 00:00:00,2020-06-01 21:30:34.9938069,2020-06-01 20:31:16.5925936,1
35,https://pbs.twimg.com/media/EZcraCbWkAAAn5W.jpg,Kawa_Reini,Twitter,https://twitter.com/KawabikerR/status/1267529832470061056,https://twitter.com/KawabikerR,3,0,0001-01-01 00:00:00,2020-06-01 22:00:35.0441639,2020-06-01 20:33:23.3875788,1
36,https://pbs.twimg.com/media/ESiDcEqWoAIxbue.jpg,Storm,Twitter,https://twitter.com/afkstorm/status/1236382626648338434,https://twitter.com/afkstorm,3,0,0001-01-01 00:00:00,2020-06-01 22:30:35.2897896,2020-06-01 20:35:09.1462252,1
37,https://pbs.twimg.com/media/EZcqU-iXkAcXafL.jpg,Kawa_Reini,Twitter,https://twitter.com/KawabikerR/status/1267528877934546945,https://twitter.com/KawabikerR,3,0,0001-01-01 00:00:00,2020-06-01 23:00:35.5135341,2020-06-01 20:35:57.2308295,1
38,https://pbs.twimg.com/media/EV2T5rxXYAAedLr.jpg,Zakos üá®üá¶ @ GBEU 2020,Twitter,https://twitter.com/PupZakos/status/1251319111608668169,https://twitter.com/PupZakos,3,0,0001-01-01 00:00:00,2020-06-01 23:37:16.4387097,2020-06-01 20:36:18.4909431,1
39,https://video.twimg.com/ext_tw_video/1267505504357683203/pu/vid/720x1280/glrfBUzwQ4vgoGrp.mp4?tag=10,Ambrose,Twitter,https://twitter.com/Ambrosethepup/status/1267505573907574790,https://twitter.com/Ambrosethepup,3,2,0001-01-01 00:00:00,2020-06-02 00:32:40.1953195,2020-06-01 20:37:04.3640606,1
42,https://pbs.twimg.com/media/EZcYH3IUwAkGR-K.jpg,Motocross News,Twitter,https://twitter.com/MotocrossNews/status/1267508345352536070,https://twitter.com/MotocrossNews,3,0,0001-01-01 00:00:00,2020-06-02 01:02:40.2503541,2020-06-01 20:38:32.4851321,1
44,https://pbs.twimg.com/media/D14vFrVWwAU4PlT.jpg,·ï≤·ì∞·ê∫·òø·ñá ·ï≤·ñá·ìç·òâ·òø ·ï≤·ìç·òú ·ñ∂513·ñá,Twitter,https://twitter.com/BootsPup/status/1107374376054386688,https://twitter.com/BootsPup,3,0,0001-01-01 00:00:00,2020-06-02 01:32:40.394409,2020-06-01 20:39:15.6627583,1
45,https://pbs.twimg.com/media/D1DSDxqX4AANuMu.jpg,Alex Coco üîú #ZuHause,Twitter,https://twitter.com/cockobcn/status/1103612877670412289,https://twitter.com/cockobcn,3,0,0001-01-01 00:00:00,2020-06-02 02:28:51.1208562,2020-06-01 20:41:09.2267611,1
47,https://pbs.twimg.com/media/DzwrEW7XcAAAJZN.jpg,Fuerza Terrestre,Twitter,https://twitter.com/FUTER_ET/status/1097799776308002816,https://twitter.com/FUTER_ET,3,0,0001-01-01 00:00:00,2020-06-02 02:58:51.6025982,2020-06-01 20:41:52.6294074,1
48,https://video.twimg.com/ext_tw_video/1107730693940015104/pu/vid/720x1280/Ll-n46C1Zd6oAdEM.mp4?tag=8,Fifer Gearbiker,Twitter,https://twitter.com/Fifergearbiker/status/1107731008928038914,https://twitter.com/Fifergearbiker,3,2,0001-01-01 00:00:00,2020-06-02 03:28:51.7234552,2020-06-01 20:42:18.5708873,1
49,https://pbs.twimg.com/media/D2gxE2FWsAAW9yj.jpg,Bash,Twitter,https://twitter.com/BashBiker/status/1110191278069874689,https://twitter.com/BashBiker,3,0,0001-01-01 00:00:00,2020-06-02 03:58:51.8431782,2020-06-01 20:47:26.6538201,1
50,https://pbs.twimg.com/media/D29AooiXcAE1iP-.jpg,CHOMP.,Twitter,https://twitter.com/Chomppup/status/1112178704728363009,https://twitter.com/Chomppup,3,0,0001-01-01 00:00:00,2020-06-02 04:45:00.0060912,2020-06-01 20:48:15.149355,1
51,https://pbs.twimg.com/media/D28ALaVWoAEHo3c.jpg,underthedrysuit,Twitter,https://twitter.com/underthedrysuit/status/1112107885197185025,https://twitter.com/underthedrysuit,3,0,0001-01-01 00:00:00,2020-06-02 05:15:00.1823605,2020-06-01 20:48:59.3479514,1
52,https://pbs.twimg.com/media/D1qCf5kX0AAg_dk.jpg,Trikoot,Twitter,https://twitter.com/trikoot/status/1106341287089893378,https://twitter.com/trikoot,3,0,0001-01-01 00:00:00,2020-06-02 05:45:00.2646285,2020-06-01 20:49:56.4048684,1
53,https://pbs.twimg.com/media/D1m1M0fU4AApT5b.jpg,Rubberedup84,Twitter,https://twitter.com/rubberedup84/status/1106114431837061120,https://twitter.com/rubberedup84,3,0,0001-01-01 00:00:00,2020-06-02 06:15:00.3774732,2020-06-01 20:50:49.7729624,1
54,https://pbs.twimg.com/media/DzosGVNU8AA-peZ.jpg,ùìïùì≤ùìøùìÆùìª üèíüê∫,Twitter,https://twitter.com/pupfiver/status/1097237958040547328,https://twitter.com/pupfiver,3,0,0001-01-01 00:00:00,2020-06-02 06:45:00.4656086,2020-06-01 20:51:44.8726973,1
55,https://pbs.twimg.com/media/EZaOSuhWkAEzfWb.jpg,_ysb_,Twitter,https://twitter.com/YoungSneaxBoy/status/1267356808315895808,https://twitter.com/YoungSneaxBoy,3,0,0001-01-01 00:00:00,2020-06-02 07:15:00.5260719,2020-06-01 20:52:50.5055809,1
56,https://pbs.twimg.com/media/DXJgIYEWsAAHHOL.jpg,Nitro,Twitter,https://twitter.com/sub_nitro/status/968942570821824514,https://twitter.com/sub_nitro,3,0,0001-01-01 00:00:00,2020-06-02 07:45:00.5782215,2020-06-01 21:27:51.7521092,1
57,https://pbs.twimg.com/media/DkUa7zwW0AI-zGZ.jpg,Trikoot,Twitter,https://twitter.com/trikoot/status/1028257733999505408,https://twitter.com/trikoot,3,0,0001-01-01 00:00:00,2020-06-02 08:15:00.650903,2020-06-01 21:28:13.5653019,1
58,https://pbs.twimg.com/media/EZc0K3VWoAASATh.jpg,Rubbahh!!!,Twitter,https://twitter.com/rubbahh/status/1267539188397809671,https://twitter.com/rubbahh,3,0,0001-01-01 00:00:00,2020-06-02 08:45:00.6833118,2020-06-01 21:34:27.6256208,1
59,https://pbs.twimg.com/media/D1tRW8RWwAMZV0X.jpg,Workladz,Twitter,https://twitter.com/workladz/status/1106567594524450817,https://twitter.com/workladz,3,0,0001-01-01 00:00:00,2020-06-02 09:15:00.7396162,2020-06-01 21:36:36.5169856,1
60,https://pbs.twimg.com/media/Duz6NVlW0AAOWkb.jpg,Maverick,Twitter,https://twitter.com/MVRiCKRBBR/status/1075509528748285952,https://twitter.com/MVRiCKRBBR,3,0,0001-01-01 00:00:00,2020-06-02 09:45:00.8039879,2020-06-01 21:37:23.6456394,1
61,https://pbs.twimg.com/media/DcEVXpXWAAIMRQD.jpg,just a gay dog called ninja üêï,Twitter,https://twitter.com/pupninja/status/991096907027054592,https://twitter.com/pupninja,3,0,0001-01-01 00:00:00,2020-06-02 10:15:00.8509481,2020-06-01 21:37:45.7278962,1
62,https://pbs.twimg.com/media/D1b9ID1WwAAOGTT.jpg,Fifer Gearbiker,Twitter,https://twitter.com/Fifergearbiker/status/1105349082187554816,https://twitter.com/Fifergearbiker,3,0,0001-01-01 00:00:00,2020-06-02 10:45:00.9056861,2020-06-01 21:37:59.2875662,1
63,https://video.twimg.com/tweet_video/D10MElAVYAA59Af.mp4,lthrbttm4u,Twitter,https://twitter.com/lthrbttm4u/status/1107054411245719552,https://twitter.com/lthrbttm4u,3,2,0001-01-01 00:00:00,2020-06-02 11:15:00.9546014,2020-06-01 21:38:26.1508319,1
65,https://pbs.twimg.com/media/D2CilQ5WoAUsIMu.jpg,Prince(ss),Twitter,https://twitter.com/prince_rubber/status/1108064291884859393,https://twitter.com/prince_rubber,3,0,0001-01-01 00:00:00,2020-06-02 11:45:01.0149823,2020-06-01 21:39:12.2608885,1
66,https://pbs.twimg.com/media/D3VcupbX4AYH8hw.jpg,Bash,Twitter,https://twitter.com/BashBiker/status/1113898449064333314,https://twitter.com/BashBiker,3,0,0001-01-01 00:00:00,2020-06-02 12:15:01.0707195,2020-06-01 21:39:40.6568424,1
67,https://pbs.twimg.com/media/D7R6M-cWsBIvivL.jpg,Aayo,Twitter,https://twitter.com/PupAayo/status/1131663779715010560,https://twitter.com/PupAayo,3,0,0001-01-01 00:00:00,2020-06-02 12:45:01.1277378,2020-06-01 21:40:15.2750842,1
68,https://pbs.twimg.com/media/EI2PzTYU8AYKrUD.jpg,Dashosaurus ü¶ï,Twitter,https://twitter.com/DashABDL/status/1192767597550264321,https://twitter.com/DashABDL,3,0,0001-01-01 00:00:00,2020-06-02 13:15:01.1771021,2020-06-01 21:40:48.1162535,1
69,https://pbs.twimg.com/media/EItR4qRXUAArehU.jpg,Funky Rider,Twitter,https://twitter.com/FunkyRider2/status/1192136567881654272,https://twitter.com/FunkyRider2,3,0,0001-01-01 00:00:00,2020-06-02 13:45:01.2721665,2020-06-01 21:41:09.2953255,1
70,https://pbs.twimg.com/media/ELOKoYkXYAAh4cJ.jpg,ajax doggo,Twitter,https://twitter.com/Ajaxfbthepup/status/1203457958425907201,https://twitter.com/Ajaxfbthepup,3,0,0001-01-01 00:00:00,2020-06-02 14:15:01.3237381,2020-06-01 21:41:43.3009759,1
71,https://pbs.twimg.com/media/EOOk3j5WkAI1uJs.jpg,Foxracer,Twitter,https://twitter.com/Foxracer24/status/1216997604090949632,https://twitter.com/Foxracer24,3,0,0001-01-01 00:00:00,2020-06-02 14:45:01.3789236,2020-06-01 21:42:19.4043635,1
72,https://pbs.twimg.com/media/EZXfwTOXkAEdAPp.jpg,Slave Jerky,Twitter,https://twitter.com/jerkyslave/status/1267164897923731461,https://twitter.com/jerkyslave,3,0,0001-01-01 00:00:00,2020-06-02 15:15:01.431921,2020-06-01 23:07:32.2550601,1
73,https://video.twimg.com/ext_tw_video/1267514645016907776/pu/vid/1280x720/-CU9AvnKkF0_nly7.mp4?tag=10,Sparkle üîú ... Sometime after the corona epidemic,Twitter,https://twitter.com/pupsparkle5/status/1267515242181001219,https://twitter.com/pupsparkle5,3,2,0001-01-01 00:00:00,2020-06-02 15:45:01.4797013,2020-06-01 23:07:43.6089926,1
74,https://pbs.twimg.com/media/CyYmo5QXcAArkKN.jpg,Hockeydawg,Twitter,https://twitter.com/Hockeydawg81/status/803372080985149441,https://twitter.com/Hockeydawg81,3,0,0001-01-01 00:00:00,2020-06-02 16:15:01.5262458,2020-06-01 23:07:49.4371112,1
75,https://pbs.twimg.com/media/EPNf-BBWAAAeN1u.jpg,üá®üá≥TitaniumMax,Twitter,https://twitter.com/Titan_GearBiker/status/1221425465363193857,https://twitter.com/Titan_GearBiker,3,0,0001-01-01 00:00:00,2020-06-02 16:45:01.5755852,2020-06-01 23:32:24.0084938,1
76,https://pbs.twimg.com/media/D06HBcIXgAE-fHl.jpg,hot jocks/athletes,Twitter,https://twitter.com/austinjock19/status/1102967422447947777,https://twitter.com/austinjock19,3,0,0001-01-01 00:00:00,2020-06-02 17:15:01.6188764,2020-06-01 23:32:59.3642681,1
77,https://pbs.twimg.com/media/EKTJ2k8WsAAuRTZ.jpg,Pup Orion,Twitter,https://twitter.com/Pup_Orion/status/1199305346524884992,https://twitter.com/Pup_Orion,3,0,0001-01-01 00:00:00,2020-06-02 17:45:01.6729854,2020-06-01 23:34:54.8739939,1
78,https://pbs.twimg.com/media/EV4fYDjWoAA-lid.jpg,Bash,Twitter,https://twitter.com/BashBiker/status/1251472287997595650,https://twitter.com/BashBiker,3,0,0001-01-01 00:00:00,2020-06-02 18:15:01.7033114,2020-06-01 23:35:22.3478138,1
79,https://pbs.twimg.com/media/EQyTQA2UYAAG6Jd.jpg,Ê•µÈÅìÂêõ K,Twitter,https://twitter.com/yakuzasang_ken/status/1228518776569651201,https://twitter.com/yakuzasang_ken,3,0,0001-01-01 00:00:00,2020-06-02 18:45:01.7319644,2020-06-02 00:24:51.3420016,1
80,https://scontent-lht6-1.cdninstagram.com/v/t51.2885-15/e35/101008840_890889361414020_7068871457377333771_n.jpg?_nc_ht=scontent-lht6-1.cdninstagram.com&_nc_cat=100&_nc_ohc=W8U9Kxvn0K8AX_pzVg0&oh=c1ea29a059a702726bd07627a6a459a6&oe=5F008B11,workgearfan,Instagram,https://www.instagram.com/p/CA0DAbzlxHx/,https://www.instagram.com/workgearfan/,3,0,0001-01-01 00:00:00,2020-06-03 00:44:01.1804425,2020-06-03 00:14:29.2464112,1
82,https://scontent-lhr8-1.cdninstagram.com/v/t51.2885-15/e35/89388419_563078480980489_3636471802846416216_n.jpg?_nc_ht=scontent-lhr8-1.cdninstagram.com&_nc_cat=101&_nc_ohc=5l_iDN0Qt38AX_xRaOL&oh=feb377072e44bba69a022535e53b5f1f&oe=5F0261A9,evssports,Instagram,https://www.instagram.com/p/B9j5zWaFjBD/,https://www.instagram.com/evssports/,3,0,0001-01-01 00:00:00,2020-06-03 01:14:01.2331762,2020-06-03 00:17:50.5470566,1
83,https://scontent-lhr8-1.cdninstagram.com/v/t51.2885-15/e35/s1080x1080/95025966_228543238427224_2544310351868771503_n.jpg?_nc_ht=scontent-lhr8-1.cdninstagram.com&_nc_cat=104&_nc_ohc=rg0v6pHy_egAX_-yt53&oh=d38aac5d234e8e3e3eed8e29cdfd20c5&oe=5F0220EE,daineserubber2,Instagram,https://www.instagram.com/p/B_puMQcKd8X/,https://www.instagram.com/daineserubber2/,3,0,0001-01-01 00:00:00,2020-06-03 02:02:14.8464968,2020-06-03 01:33:08.6063318,1
85,https://video.twimg.com/ext_tw_video/1268082228405420032/pu/vid/720x1280/z0uFLst1pIp4OfG9.mp4?tag=10,xmiska,Twitter,https://twitter.com/armysportfin/status/1268082328871583747,https://twitter.com/armysportfin,3,1,0001-01-01 00:00:00,2020-06-03 16:42:54.2641104,2020-06-03 16:12:28.810548,1
86,https://nitter.zyrio.app/pic/https%3A%2F%2Fpbs.twimg.com%2Fmedia%2FEKJRHwWUYAMiw03.jpg%3Fname%3Dorig,„Éá„Ç§„Éñ@75„É¨„É≥„Ç∏„É£„Éº „Éê„Ç§„Ç™„Çµ„Éê„Ç≤„Éº,Twitter,https://twitter.com/75RGT_Dave/status/1198609697349099522,https://twitter.com/75RGT_Dave,3,0,0001-01-01 00:00:00,2020-06-03 17:12:54.3036383,2020-06-03 16:13:14.0429769,1
87,https://nitter.zyrio.app/pic/https%3A%2F%2Fpbs.twimg.com%2Fmedia%2FD2ADhK3UgAA3--I.jpg%3Fname%3Dorig,„Éê„Ç§„Ç™Â•Ω„Åç„Ç≤„Éº„Éû„Éº&#x2F;„ÅØ„Çâ,Twitter,https://twitter.com/qqk360bio/status/1107889383137402880,https://twitter.com/qqk360bio,3,0,0001-01-01 00:00:00,2020-06-03 17:42:54.3360163,2020-06-03 16:14:11.6281665,1
88,https://nitter.zyrio.app/pic/https%3A%2F%2Fpbs.twimg.com%2Fmedia%2FEZlnkGZXYAAzD5V.jpg%3Fname%3Dorig,LatexD,Twitter,https://twitter.com/LatexD_com/status/1268158733508653059,https://twitter.com/LatexD_com,3,0,0001-01-01 00:00:00,2020-06-03 18:37:35.0959526,2020-06-03 16:14:42.2263511,1
89,https://nitter.zyrio.app/pic/https%3A%2F%2Fpbs.twimg.com%2Fmedia%2FEZlk1KfXsAEuKcX.jpg%3Fname%3Dorig,l&amp;l_lycra-fetish,Twitter,https://twitter.com/lopette_soum/status/1268155651999649792,https://twitter.com/lopette_soum,3,0,0001-01-01 00:00:00,2020-06-03 19:07:35.4151222,2020-06-03 16:14:53.6253305,1
90,https://video.twimg.com/ext_tw_video/1268190063399034881/pu/vid/720x1280/GzAdw7RuaaIsNPn-.mp4?tag=10,„Éí„Ç§„É©„ÇÆ,Twitter,https://twitter.com/hiiragi_Fetish/status/1268190552832405504,https://twitter.com/hiiragi_Fetish,3,1,0001-01-01 00:00:00,2020-06-03 19:37:35.4680224,2020-06-03 16:15:07.7129596,1
91,https://scontent-lht6-1.cdninstagram.com/v/t51.2885-15/e35/s1080x1080/97220530_104488524551535_4647564329386633173_n.jpg?_nc_ht=scontent-lht6-1.cdninstagram.com&_nc_cat=103&_nc_ohc=L8aBe59S2ToAX8F5q_h&oh=c6533550a2a08c9fcf1ec1adf62f48b0&oe=5F00899C,thereconian,Instagram,https://www.instagram.com/p/CAUlcgdl2ne/,https://www.instagram.com/thereconian/,3,0,0001-01-01 00:00:00,2020-06-03 20:07:35.5113933,2020-06-03 16:37:39.5925305,1
92,https://scontent-lhr8-1.cdninstagram.com/v/t51.2885-15/e35/p1080x1080/100969972_135578978111243_4298690671099134781_n.jpg?_nc_ht=scontent-lhr8-1.cdninstagram.com&_nc_cat=111&_nc_ohc=bWtlVG3YYsoAX87taTO&oh=3c387e3cdb33c074e50fdf9d019101b2&oe=5F022B47,rubbermatey,Instagram,https://www.instagram.com/p/CA6tFHKFeds/,https://www.instagram.com/rubbermatey/,3,0,0001-01-01 00:00:00,2020-06-03 20:37:35.567467,2020-06-03 16:38:39.9068058,1
93,https://nitter.zyrio.app/pic/https%3A%2F%2Fpbs.twimg.com%2Fmedia%2FEZlGtw_XsAEnZuk.jpg%3Fname%3Dorig,Costla TN üëüüíµ,Twitter,https://twitter.com/CostlaT/status/1268122537222963200,https://twitter.com/CostlaT,3,0,0001-01-01 00:00:00,2020-06-03 21:07:35.6042235,2020-06-03 16:41:15.4337202,1
94,https://nitter.zyrio.app/pic/https%3A%2F%2Fpbs.twimg.com%2Fmedia%2FEZiEuz0XkAAB1qn.jpg%3Fname%3Dorig,Socks&#x2F;Shoes,Twitter,https://twitter.com/fetichefr/status/1267909240448004101,https://twitter.com/fetichefr,3,0,0001-01-01 00:00:00,2020-06-03 21:38:12.2049495,2020-06-03 16:41:44.6086845,1
95,https://nitter.zyrio.app/pic/https%3A%2F%2Fpbs.twimg.com%2Fmedia%2FEZlnfTZUMAAoUiL.jpg%3Fname%3Dorig,shinycreature,Twitter,https://twitter.com/shinycreature/status/1268158657348251648,https://twitter.com/shinycreature,3,0,0001-01-01 00:00:00,2020-06-03 22:08:12.389729,2020-06-03 16:42:35.7181808,1
96,https://nitter.zyrio.app/pic/https%3A%2F%2Fpbs.twimg.com%2Fmedia%2FEZlgivLXYAEUOtB.jpg%3Fname%3Dorig,GearGuyUk,Twitter,https://twitter.com/gearguyuk/status/1268150925501386752,https://twitter.com/gearguyuk,3,0,0001-01-01 00:00:00,2020-06-03 22:56:16.1166933,2020-06-03 16:42:50.3926777,1
97,https://nitter.zyrio.app/pic/https%3A%2F%2Fpbs.twimg.com%2Fmedia%2FEZkRU8PXQAEPpzy.jpg%3Fname%3Dorig,hood 2 use,Twitter,https://twitter.com/maturesubman/status/1268063864198959104,https://twitter.com/maturesubman,3,0,0001-01-01 00:00:00,2020-06-03 23:26:16.2929088,2020-06-03 16:43:19.9849871,1
99,https://nitter.zyrio.app/pic/https%3A%2F%2Fpbs.twimg.com%2Fmedia%2FEZieLsVWoAcX8Yn.jpg%3Fname%3Dorig,Z-RED,Twitter,https://twitter.com/FeelTheGear/status/1267937228497526786,https://twitter.com/FeelTheGear,3,0,0001-01-01 00:00:00,2020-06-03 23:56:16.2933892,2020-06-03 16:44:01.6244949,1
100,https://video.twimg.com/ext_tw_video/1197267938983731201/pu/vid/1280x720/nK6R3YvUDl6fH76j.mp4?tag=10,&#x2F;&#x2F;RUBBER.DRONE-4282,Twitter,https://twitter.com/rubberlatexio/status/1197270001364942850,https://twitter.com/rubberlatexio,3,1,0001-01-01 00:00:00,2020-06-04 00:26:16.2932104,2020-06-03 16:44:36.9447418,1
101,https://nitter.zyrio.app/pic/https%3A%2F%2Fpbs.twimg.com%2Fmedia%2FEY6I2LfXkAADb9t.jpg%3Fname%3Dorig,Tharek,Twitter,https://twitter.com/Tharek1/status/1265099027743412224,https://twitter.com/Tharek1,3,0,0001-01-01 00:00:00,2020-06-04 00:56:16.3392248,2020-06-03 16:44:59.4643766,1
102,https://nitter.zyrio.app/pic/https%3A%2F%2Fpbs.twimg.com%2Fmedia%2FECQ4npnWkAEIc4y.jpg%3Fname%3Dorig,Tightonskin üö¥üîúMRM,Twitter,https://twitter.com/tightonskin/status/1163116862579892224,https://twitter.com/tightonskin,3,0,0001-01-01 00:00:00,2020-06-04 01:26:16.4658228,2020-06-03 16:45:12.6006231,1
104,https://nitter.zyrio.app/pic/https%3A%2F%2Fpbs.twimg.com%2Fmedia%2FEZZ6Y53WsAEUPw5.jpg%3Fname%3Dorig,Lovetogetmuddy,Twitter,https://twitter.com/lovetogetmuddy/status/1267334924065026048,https://twitter.com/lovetogetmuddy,3,0,0001-01-01 00:00:00,2020-06-04 01:56:16.5055937,2020-06-03 16:46:20.7137575,1
105,https://video.twimg.com/ext_tw_video/1267536738240598019/pu/vid/720x1090/RKAxJEYCLFJR3iMW.mp4?tag=10,GearGuyUk,Twitter,https://twitter.com/gearguyuk/status/1267536779093180417,https://twitter.com/gearguyuk,3,1,0001-01-01 00:00:00,2020-06-04 02:26:16.6847671,2020-06-03 16:49:08.7594455,1
107,https://nitter.zyrio.app/pic/https%3A%2F%2Fpbs.twimg.com%2Fmedia%2FEZWhdvIUwAUl8r9.jpg%3Fname%3Dorig,gearfun32,Twitter,https://twitter.com/gearfun32/status/1267453345003864064,https://twitter.com/gearfun32,3,0,0001-01-01 00:00:00,2020-06-04 02:56:16.8003822,2020-06-03 16:49:47.1475026,1
108,https://video.twimg.com/ext_tw_video/1082218261855592448/pu/vid/768x576/tSsnMQgqHxiX17Wm.mp4?tag=6,Xandaleros.com,Twitter,https://twitter.com/xandaleros/status/1082219172342444032,https://twitter.com/xandaleros,3,1,0001-01-01 00:00:00,2020-06-04 03:26:16.8665162,2020-06-03 16:50:15.8074685,1
109,https://scontent-lhr8-1.cdninstagram.com/v/t51.2885-15/e35/p1080x1080/97286851_562487964409879_4207745770206922595_n.jpg?_nc_ht=scontent-lhr8-1.cdninstagram.com&_nc_cat=107&_nc_ohc=l73zfUYkaNQAX_1VCCf&oh=37c4886bbac7c4d972df509a2fe6e7bb&oe=5F020992,kitlad88,Instagram,https://www.instagram.com/p/CAWAykBnCcA/,https://www.instagram.com/kitlad88/,3,0,0001-01-01 00:00:00,2020-06-04 03:56:16.9050716,2020-06-03 16:50:49.2107829,1
111,https://scontent-lht6-1.cdninstagram.com/v/t51.2885-15/e35/100877135_715297162643934_6897535976847691551_n.jpg?_nc_ht=scontent-lht6-1.cdninstagram.com&_nc_cat=106&_nc_ohc=6v81i5JKmFMAX_I1gWp&oh=b8a17d4a0731deb16ce73185a802fa25&oe=5F025955,u496understyle,Instagram,https://www.instagram.com/p/CAmIWYNFHmd/,https://www.instagram.com/u496understyle/,3,0,0001-01-01 00:00:00,2020-06-04 04:26:16.9592338,2020-06-03 16:51:47.2880255,1
112,https://nitter.zyrio.app/pic/https%3A%2F%2Fpbs.twimg.com%2Fmedia%2FEZa6aoRXYAAHpfq.jpg%3Fname%3Dorig,GearGuyUk,Twitter,https://twitter.com/gearguyuk/status/1267405318478336001,https://twitter.com/gearguyuk,3,0,0001-01-01 00:00:00,2020-06-04 04:56:17.0083281,2020-06-03 16:52:13.2945329,1
113,https://nitter.zyrio.app/pic/https%3A%2F%2Fpbs.twimg.com%2Fmedia%2FEZh1_ixXQA8X17g.jpg%3Fname%3Dorig,LatexFox,Twitter,,,3,0,0001-01-01 00:00:00,2020-06-04 05:26:17.0594761,2020-06-03 18:10:09.6149989,1
114,https://nitter.zyrio.app/pic/https%3A%2F%2Fpbs.twimg.com%2Fmedia%2FEZlIzA5XgAEAY6-.jpg%3Fname%3Dorig,Intogear,Twitter,,,3,0,0001-01-01 00:00:00,2020-06-04 05:56:17.3752562,2020-06-03 18:10:59.3564871,1
115,https://scontent-lhr8-1.cdninstagram.com/v/t51.2885-15/e35/s1080x1080/100973879_163770408447745_657009128972817987_n.jpg?_nc_ht=scontent-lhr8-1.cdninstagram.com&_nc_cat=101&_nc_ohc=mzQXyP21e2EAX8EosJ5&oh=8357d56a0af417b56dc840f23dbd18e8&oe=5F010D6D,mariussneakertn,Instagram,https://www.instagram.com/p/CAnqkZVHsdY/,https://www.instagram.com/mariussneakertn/,3,0,0001-01-01 00:00:00,2020-06-04 06:26:18.1343947,2020-06-03 18:11:38.8335203,1
116,https://scontent-lhr8-1.cdninstagram.com/v/t51.2885-15/e35/s1080x1080/93855381_231409137934150_9025516904771839869_n.jpg?_nc_ht=scontent-lhr8-1.cdninstagram.com&_nc_cat=110&_nc_ohc=LcjdfrNZh3gAX-mByp2&oh=583ba72c4077477951d20cb81b7bc10b&oe=5F0084E3,lthrgaymer,Instagram,https://www.instagram.com/p/B_JPiehFrJM/,https://www.instagram.com/lthrgaymer/,3,0,0001-01-01 00:00:00,2020-06-04 06:56:18.3881451,2020-06-03 18:12:18.4850004,1
117,https://scontent-lhr8-1.cdninstagram.com/v/t51.2885-15/e35/s1080x1080/97370907_1120584611658482_8485918728134733181_n.jpg?_nc_ht=scontent-lhr8-1.cdninstagram.com&_nc_cat=102&_nc_ohc=o4bzuUExw4AAX-ce3pu&oh=1ad0467bdd7feefe4aadb7ff3a4be99e&oe=5F029A2C,sneaxsoxrubbergear,Instagram,https://www.instagram.com/p/CAaDMOUnWmz/,https://www.instagram.com/sneaxsoxrubbergear/,3,0,0001-01-01 00:00:00,2020-06-04 07:26:18.5268426,2020-06-03 18:13:01.3920382,1
119,https://scontent-lhr8-1.cdninstagram.com/v/t51.2885-15/e35/p1080x1080/101326988_297977711601175_2747108502994830076_n.jpg?_nc_ht=scontent-lhr8-1.cdninstagram.com&_nc_cat=107&_nc_ohc=JJlN1lklvxIAX_VKzir&oh=82f973cc0d3986827a8f84536df171b3&oe=5F01B750,jinxs_leather,Instagram,https://www.instagram.com/p/CA3j0sKFe3x/,https://www.instagram.com/jinxs_leather/,3,0,0001-01-01 00:00:00,2020-06-04 07:56:18.7207831,2020-06-03 18:13:42.3192553,1
120,https://scontent-lht6-1.cdninstagram.com/v/t51.2885-15/e35/p1080x1080/101117279_261386155214069_4655413112865462672_n.jpg?_nc_ht=scontent-lht6-1.cdninstagram.com&_nc_cat=105&_nc_ohc=IVdTW78CObAAX8h3KF6&oh=373aed62b663409403ce135199efcf20&oe=5F0042A5,biker_puppy,Instagram,https://www.instagram.com/p/CAzoqsbF_ZU/,https://www.instagram.com/biker_puppy/,3,0,0001-01-01 00:00:00,2020-06-04 08:26:18.7518827,2020-06-03 18:14:09.1773027,1
121,https://nitter.zyrio.app/pic/https%3A%2F%2Fpbs.twimg.com%2Fmedia%2FEZmzjFTXQAg_UP5.jpg%3Fname%3Dorig,GearGuyUk,Twitter,,,3,0,0001-01-01 00:00:00,2020-06-04 08:56:18.8231519,2020-06-03 18:14:50.6694679,1
122,https://nitter.zyrio.app/pic/https%3A%2F%2Fpbs.twimg.com%2Fmedia%2FDygZpGgUwAAh2VZ.jpg%3Fname%3Dorig,A Totally Innocent Angel @ Isolation Con,Twitter,,,3,0,0001-01-01 00:00:00,2020-06-04 09:26:19.093157,2020-06-03 18:16:16.1795937,1
123,https://nitter.zyrio.app/pic/https%3A%2F%2Fpbs.twimg.com%2Fmedia%2FEOpBQnDX0AEW6ez.jpg%3Fname%3Dorig,Workladz,Twitter,,,3,0,0001-01-01 00:00:00,2020-06-04 09:56:19.131626,2020-06-03 18:16:58.2603666,1
124,https://nitter.zyrio.app/pic/https%3A%2F%2Fpbs.twimg.com%2Fmedia%2FEMfPhETW4AU3NAG.jpg%3Fname%3Dorig,Biker Totoche,Twitter,,,3,0,0001-01-01 00:00:00,2020-06-04 10:26:19.2304058,2020-06-03 18:19:00.6388401,1
125,https://nitter.zyrio.app/pic/https%3A%2F%2Fpbs.twimg.com%2Fmedia%2FEUVHqYbXsAAF7pR.jpg%3Fname%3Dorig,Etthan Hunt,Twitter,,,3,0,0001-01-01 00:00:00,2020-06-04 10:56:19.3519563,2020-06-03 18:19:40.4349395,1
126,https://nitter.zyrio.app/pic/https%3A%2F%2Fpbs.twimg.com%2Fmedia%2FEXmkr8TWoAAL43p.jpg%3Fname%3Dorig,rubngum,Twitter,,,3,0,0001-01-01 00:00:00,2020-06-04 11:26:19.3981819,2020-06-03 18:20:23.2632459,1
127,https://scontent-lht6-1.cdninstagram.com/v/t51.2885-15/e35/p1080x1080/94596079_232713111165821_201460360509553427_n.jpg?_nc_ht=scontent-lht6-1.cdninstagram.com&_nc_cat=105&_nc_ohc=t1gzJhmWRN0AX86rmS_&oh=0a94ffaa502bd9cafdf3b4702b19956b&oe=5F002DA8,my_fetishlife,Instagram,https://www.instagram.com/p/B_Sn10gFY6q/,https://www.instagram.com/my_fetishlife/,3,0,0001-01-01 00:00:00,2020-06-04 11:56:19.5272998,2020-06-03 18:21:15.30333,1
128,https://scontent-lht6-1.cdninstagram.com/v/t51.2885-15/e35/p1080x1080/100913648_656910368423238_1359254627593202019_n.jpg?_nc_ht=scontent-lht6-1.cdninstagram.com&_nc_cat=106&_nc_ohc=Gwu4LNQ1G5MAX9vEDly&oh=5adf9b871a2392c9b4cd458b377e564b&oe=5F00320F,thereconian,Instagram,https://www.instagram.com/p/CAmkMrrFCe5/,https://www.instagram.com/thereconian/,3,0,0001-01-01 00:00:00,2020-06-04 12:26:19.5961657,2020-06-03 18:21:28.5974906,1
129,https://scontent-lhr8-1.cdninstagram.com/v/t51.2885-15/e35/s1080x1080/101220309_1659792984185819_2094711402989079988_n.jpg?_nc_ht=scontent-lhr8-1.cdninstagram.com&_nc_cat=111&_nc_ohc=gAfPHVtor1IAX9mgON5&oh=58b274916263483d45ab814cc54f736d&oe=5F00C749,sneax_julez,Instagram,https://www.instagram.com/p/CA2cvGzK7WM/,https://www.instagram.com/sneax_julez/,3,0,0001-01-01 00:00:00,2020-06-04 12:56:19.7157659,2020-06-03 18:21:53.0528805,1
130,https://scontent-lht6-1.cdninstagram.com/v/t51.2885-15/e35/p1080x1080/99423781_270757687640382_3354635892844950135_n.jpg?_nc_ht=scontent-lht6-1.cdninstagram.com&_nc_cat=106&_nc_ohc=OcmuHTf43ZQAX8v2JWB&oh=d0636b9f676ce3b502e39e31034ed1d2&oe=5F01000E,stripsport,Instagram,https://www.instagram.com/p/CAdGSFon-43/,https://www.instagram.com/stripsport/,3,0,0001-01-01 00:00:00,2020-06-04 13:26:19.7478902,2020-06-03 18:22:05.8495975,1
131,https://nitter.zyrio.app/pic/https%3A%2F%2Fpbs.twimg.com%2Fmedia%2FEZYdmPbXsAENrpM.jpg%3Fname%3Dorig,diverpup,Twitter,,,3,0,0001-01-01 00:00:00,2020-06-04 13:56:19.8064696,2020-06-03 18:23:24.3595557,1
132,https://nitter.zyrio.app/pic/https%3A%2F%2Fpbs.twimg.com%2Fmedia%2FEZl5fCVXkAE4NNW.jpg%3Fname%3Dorig,motorub,Twitter,,,3,0,0001-01-01 00:00:00,2020-06-04 14:26:19.8615122,2020-06-03 18:24:39.2897196,1
133,https://scontent-lhr8-1.cdninstagram.com/v/t51.2885-15/e35/s1080x1080/101213053_981731725574935_9056452283123389189_n.jpg?_nc_ht=scontent-lhr8-1.cdninstagram.com&_nc_cat=107&_nc_ohc=3H9KrstZBjoAX_aE7iv&oh=ecd71af1c0eba69a38441e29aeaf0beb&oe=5F000187,wesleyelash,Instagram,https://www.instagram.com/p/CA0EvntnF58/,https://www.instagram.com/wesleyelash/,3,0,0001-01-01 00:00:00,2020-06-04 14:56:19.8981544,2020-06-03 18:24:56.0924974,1
134,https://nitter.zyrio.app/pic/https%3A%2F%2Fpbs.twimg.com%2Fmedia%2FEZlLkrRXgAEKac3.jpg%3Fname%3Dorig,motorub,Twitter,,,3,0,0001-01-01 00:00:00,2020-06-04 15:26:19.9520012,2020-06-03 18:25:21.1236715,1
135,https://nitter.zyrio.app/pic/https%3A%2F%2Fpbs.twimg.com%2Fmedia%2FEYZuK4IWAAYipDu.jpg%3Fname%3Dorig,Slave Jerky,Twitter,,,3,0,0001-01-01 00:00:00,2020-06-04 15:56:19.9864546,2020-06-03 18:26:31.3304677,1
136,https://scontent-lhr8-1.cdninstagram.com/v/t51.2885-15/e35/101501189_1648023615357703_5697289390466773739_n.jpg?_nc_ht=scontent-lhr8-1.cdninstagram.com&_nc_cat=107&_nc_ohc=TXPsaZzkxNAAX92XIKw&oh=0db5cad9fe06a5c793e778bdfb85d664&oe=5F01D878,addictionberlin,Instagram,https://www.instagram.com/p/CA2F8b4q7xG/,https://www.instagram.com/addictionberlin/,3,0,0001-01-01 00:00:00,2020-06-04 16:26:20.0507031,2020-06-03 18:27:13.3507145,1
137,https://scontent-lhr8-1.cdninstagram.com/v/t51.2885-15/e35/p1080x1080/99424217_2511909585786206_7369957060632337037_n.jpg?_nc_ht=scontent-lhr8-1.cdninstagram.com&_nc_cat=102&_nc_ohc=-1mNIDOzthIAX_1z_PU&oh=0720ae3eca14d24e5fc4098e126623a7&oe=5F014761,itsmaxbjorn,Instagram,https://www.instagram.com/p/CAkw4ZvHEtM/,https://www.instagram.com/itsmaxbjorn/,3,0,0001-01-01 00:00:00,2020-06-04 16:56:20.1038984,2020-06-03 18:27:37.6646339,1
138,https://scontent-lhr8-1.cdninstagram.com/v/t51.2885-15/e35/p1080x1080/101547867_259187605329038_4242312547323302850_n.jpg?_nc_ht=scontent-lhr8-1.cdninstagram.com&_nc_cat=102&_nc_ohc=JkKC6ynaR2oAX9z4yi_&oh=0bef365df71bd25d690155e971614adc&oe=5F021344,mucsneaxproll,Instagram,https://www.instagram.com/p/CA9k26FH5bg/,https://www.instagram.com/mucsneaxproll/,3,0,0001-01-01 00:00:00,2020-06-04 17:26:20.1547083,2020-06-03 18:27:45.4670482,1
140,https://scontent-lht6-1.cdninstagram.com/v/t51.2885-15/e35/s1080x1080/96845685_126962378976102_6685963401342266192_n.jpg?_nc_ht=scontent-lht6-1.cdninstagram.com&_nc_cat=106&_nc_ohc=VsmIdBLGg-kAX8AymTp&oh=1b66aa04cdf6b55b8bd4096061dc4d58&oe=5F008C28,wesleyelash,Instagram,https://www.instagram.com/p/CAPk-LWgpB7/,https://www.instagram.com/wesleyelash/,3,0,0001-01-01 00:00:00,2020-06-04 17:56:20.2088243,2020-06-03 18:28:37.4238871,1
141,https://nitter.zyrio.app/pic/https%3A%2F%2Fpbs.twimg.com%2Fmedia%2FEYg2yQkU8AAqmZr.jpg%3Fname%3Dorig,„Éê„Ç§„Ç™Â•Ω„Åç„Ç≤„Éº„Éû„Éº&#x2F;„ÅØ„Çâ,Twitter,,,3,0,0001-01-01 00:00:00,2020-06-04 18:26:20.2552734,2020-06-03 18:30:28.8580763,1
142,https://nitter.zyrio.app/pic/https%3A%2F%2Fpbs.twimg.com%2Fmedia%2FEZloGqJWkAUVtu4.jpg%3Fname%3Dorig,Z-RED,Twitter,,,3,0,0001-01-01 00:00:00,2020-06-04 18:56:20.3019132,2020-06-03 19:11:49.8567941,1
143,https://video.twimg.com/ext_tw_video/1256500802195202050/pu/vid/720x1280/ZNrqGvBmYqOebnP7.mp4?tag=10,xmiska,Twitter,,,3,1,0001-01-01 00:00:00,2020-06-04 19:26:20.3674089,2020-06-03 19:12:40.9075756,1
144,https://nitter.zyrio.app/pic/https%3A%2F%2Fpbs.twimg.com%2Fmedia%2FEX78_NBXkAAw76y.jpg%3Fname%3Dorig,Fuzzy,Twitter,,,3,0,0001-01-01 00:00:00,2020-06-04 19:56:20.415765,2020-06-03 19:13:12.7527775,1
145,https://video.twimg.com/ext_tw_video/1209733050851946499/pu/vid/480x856/AR9HWP7WGT1DnJ2S.mp4?tag=10,FFSpidey,Twitter,,,2,1,0001-01-01 00:00:00,0001-01-01 00:00:00,2020-06-03 19:13:57.986427,1
146,https://nitter.zyrio.app/pic/https%3A%2F%2Fpbs.twimg.com%2Fmedia%2FD_S5w4yU8AIPFoF.jpg%3Fname%3Dorig,AquaSpidyüï∑Ô∏è,Twitter,,,2,0,0001-01-01 00:00:00,0001-01-01 00:00:00,2020-06-03 19:14:12.4190387,1
147,https://nitter.zyrio.app/pic/https%3A%2F%2Fpbs.twimg.com%2Fmedia%2FEWT8C-7WsAAqcUE.jpg%3Fname%3Dorig,üè≥Ô∏è‚ÄçüåàGEARDRAGONSüè≥Ô∏è‚Äçüåà,Twitter,,,2,0,0001-01-01 00:00:00,0001-01-01 00:00:00,2020-06-03 19:14:37.8870963,1
148,https://scontent-lht6-1.cdninstagram.com/v/t51.2885-15/e35/s1080x1080/96625366_279351950131620_2488713086811742580_n.jpg?_nc_ht=scontent-lht6-1.cdninstagram.com&_nc_cat=100&_nc_ohc=s1gVxodlWNMAX_kEH8N&oh=a362244c0b8fea89c192493b964aa9e0&oe=5F02BDA8,rubberscan,Instagram,https://www.instagram.com/p/CAAtlrfqBSr/,https://www.instagram.com/rubberscan/,2,0,0001-01-01 00:00:00,0001-01-01 00:00:00,2020-06-03 19:15:20.0431945,1
149,https://scontent-lhr8-1.cdninstagram.com/v/t51.2885-15/e35/p1080x1080/99070525_1112132589160550_6312804714865552877_n.jpg?_nc_ht=scontent-lhr8-1.cdninstagram.com&_nc_cat=102&_nc_ohc=5BqS6TeP7okAX_WYyhN&oh=835725f9e4363e0f679c6aa7b1ff6f37&oe=5F030996,renner_alpha_nl,Instagram,https://www.instagram.com/p/CAh6wS8lENQ/,https://www.instagram.com/renner_alpha_nl/,2,0,0001-01-01 00:00:00,0001-01-01 00:00:00,2020-06-03 19:15:43.8450268,1
150,https://nitter.zyrio.app/pic/https%3A%2F%2Fpbs.twimg.com%2Fmedia%2FEZaOSuhWkAEzfWb.jpg%3Fname%3Dorig,_ysb_,Twitter,,,2,0,0001-01-01 00:00:00,0001-01-01 00:00:00,2020-06-03 19:16:26.8390134,1
151,https://video.twimg.com/ext_tw_video/1175358484432343040/pu/vid/720x1280/2bbA1jFrQB1J8h0n.mp4?tag=10,„ÅÇ„Åç„ÅÆ„Çä,Twitter,,,2,1,0001-01-01 00:00:00,0001-01-01 00:00:00,2020-06-03 19:16:52.8006426,1
152,https://nitter.zyrio.app/pic/https%3A%2F%2Fpbs.twimg.com%2Fmedia%2FEYSwaABXsAAytS8.jpg%3Fname%3Dorig,grrbiker3,Twitter,,,2,0,0001-01-01 00:00:00,0001-01-01 00:00:00,2020-06-03 19:19:19.6521754,1
153,https://nitter.zyrio.app/pic/https%3A%2F%2Fpbs.twimg.com%2Fmedia%2FEY1Fg0sWkAA5PR0.jpg%3Fname%3Dorig,Etthan Hunt,Twitter,,,2,0,0001-01-01 00:00:00,0001-01-01 00:00:00,2020-06-03 19:19:39.3015652,1
154,https://scontent-lhr8-1.cdninstagram.com/v/t51.2885-15/e35/101193692_563637607905213_937938392360897149_n.jpg?_nc_ht=scontent-lhr8-1.cdninstagram.com&_nc_cat=109&_nc_ohc=EwjUP9h9b-UAX_TBrIT&oh=61731fa0d156a5575ef6a94ed07631b8&oe=5F013011,aayo_hh,Instagram,https://www.instagram.com/p/CA6CsUVlMFT/,https://www.instagram.com/aayo_hh/,2,0,0001-01-01 00:00:00,0001-01-01 00:00:00,2020-06-03 19:20:02.4567539,1
155,https://scontent-lhr8-1.cdninstagram.com/v/t51.2885-15/e35/p1080x1080/101325128_926923557730474_403150973020144274_n.jpg?_nc_ht=scontent-lhr8-1.cdninstagram.com&_nc_cat=110&_nc_ohc=K02bQ1B2IKYAX8oXkdA&oh=83cb3684dee2e14ac10ff042813c3353&oe=5EFFCFAA,thereconian,Instagram,https://www.instagram.com/p/CA7MsY2F5Ts/,https://www.instagram.com/thereconian/,2,0,0001-01-01 00:00:00,0001-01-01 00:00:00,2020-06-03 19:21:19.8963284,1
156,https://scontent-lhr8-1.cdninstagram.com/v/t51.2885-15/e35/101500419_917336535406354_7832859915172095691_n.jpg?_nc_ht=scontent-lhr8-1.cdninstagram.com&_nc_cat=110&_nc_ohc=cVPO-a8XfZkAX_Ey0pD&oh=9c38457ef29675a467fb3888c53efd81&oe=5F005A8E,zeus4leather,Instagram,https://www.instagram.com/p/CA-IH9aFjiW/,https://www.instagram.com/zeus4leather/,2,0,0001-01-01 00:00:00,0001-01-01 00:00:00,2020-06-03 19:21:31.8211802,1
157,https://scontent-lht6-1.cdninstagram.com/v/t51.2885-15/e35/96417205_625635414692382_7495734721498761934_n.jpg?_nc_ht=scontent-lht6-1.cdninstagram.com&_nc_cat=106&_nc_ohc=VPLEVRl73fYAX8yv4vi&oh=56a54258c731f2b006f73a5c5c24a243&oe=5EFFF3FA,fetischguy1983no2,Instagram,https://www.instagram.com/p/CAGM-Wlq2Dh/,https://www.instagram.com/fetischguy1983no2/,2,0,0001-01-01 00:00:00,0001-01-01 00:00:00,2020-06-03 19:21:57.8302064,1
158,https://scontent-lhr8-1.cdninstagram.com/v/t51.2885-15/e35/101444847_149856506609651_3004938453505260553_n.jpg?_nc_ht=scontent-lhr8-1.cdninstagram.com&_nc_cat=111&_nc_ohc=fzqCGj7OD14AX-JRH_S&oh=91ad5e6d20e9b54e70e23ae3ea382000&oe=5F027293,fetischguy1983no2,Instagram,https://www.instagram.com/p/CA01sHoq8DL/,https://www.instagram.com/fetischguy1983no2/,2,0,0001-01-01 00:00:00,0001-01-01 00:00:00,2020-06-03 19:22:21.7157483,1
161,https://nitter.zyrio.app/pic/https%3A%2F%2Fpbs.twimg.com%2Fmedia%2FEBO2vqNVUAEcPrZ.jpg%3Fname%3Dorig,A Totally Innocent Angel @ Isolation Con,Twitter,,,2,0,0001-01-01 00:00:00,0001-01-01 00:00:00,2020-06-03 19:24:15.6293448,1
162,https://video.twimg.com/ext_tw_video/1228699331332575237/pu/vid/720x1280/4rotjJ74yFsqQBQO.mp4?tag=10,üè≥Ô∏è‚ÄçüåàGEARDRAGONSüè≥Ô∏è‚Äçüåà,Twitter,,,2,1,0001-01-01 00:00:00,0001-01-01 00:00:00,2020-06-03 19:24:24.5342822,1
163,https://scontent-lhr8-1.cdninstagram.com/v/t51.2885-15/e35/s1080x1080/81983072_2935901993173538_9058259536407160077_n.jpg?_nc_ht=scontent-lhr8-1.cdninstagram.com&_nc_cat=102&_nc_ohc=ReNJumyVTzsAX9ugSm-&oh=b13fb308478d760683ad5e64620a2eb7&oe=5F0191AF,gearguy.ffm,Instagram,https://www.instagram.com/p/CA45xwjqjdS/,https://www.instagram.com/gearguy.ffm/,2,0,0001-01-01 00:00:00,0001-01-01 00:00:00,2020-06-03 19:25:02.1932,1
164,https://scontent-lht6-1.cdninstagram.com/v/t51.2885-15/e35/p1080x1080/95015094_110452647151013_6598117833450798649_n.jpg?_nc_ht=scontent-lht6-1.cdninstagram.com&_nc_cat=105&_nc_ohc=L-wg_m9D46cAX9Cx_N3&oh=a2327bc0d8f7219fea65e7794022318f&oe=5F030FA1,zeus4leather,Instagram,https://www.instagram.com/p/B_pl_6WgyMW/,https://www.instagram.com/zeus4leather/,2,0,0001-01-01 00:00:00,0001-01-01 00:00:00,2020-06-03 19:25:50.3705258,1
165,https://nitter.zyrio.app/pic/https%3A%2F%2Fpbs.twimg.com%2Fmedia%2FEWS8A-sU0AIr6sK.jpg%3Fname%3Dorig,rubngum,Twitter,,,2,0,0001-01-01 00:00:00,0001-01-01 00:00:00,2020-06-03 19:26:36.0310719,1
166,https://nitter.zyrio.app/pic/https%3A%2F%2Fpbs.twimg.com%2Fmedia%2FEPKmHjiVAAAu1ui.jpg%3Fname%3Dorig,subluminal,Twitter,,,2,0,0001-01-01 00:00:00,0001-01-01 00:00:00,2020-06-03 19:27:07.6965334,1
167,https://nitter.zyrio.app/pic/https%3A%2F%2Fpbs.twimg.com%2Fmedia%2FEZm1IIaWkAAJO4K.jpg%3Fname%3Dorig,Z-RED,Twitter,,,2,0,0001-01-01 00:00:00,0001-01-01 00:00:00,2020-06-03 19:28:44.7224783,1
168,https://nitter.zyrio.app/pic/https%3A%2F%2Fpbs.twimg.com%2Fmedia%2FEXMqXxpXkAItThA.jpg%3Fname%3Dorig,Pup Tenki,Twitter,,,2,0,0001-01-01 00:00:00,0001-01-01 00:00:00,2020-06-03 19:29:01.3622458,1
169,https://nitter.zyrio.app/pic/https%3A%2F%2Fpbs.twimg.com%2Fmedia%2FEZc3yG5XsAM1nKo.jpg%3Fname%3Dorig,WetsuitDiver,Twitter,,,2,0,0001-01-01 00:00:00,0001-01-01 00:00:00,2020-06-03 19:29:46.9661946,1
170,https://nitter.zyrio.app/pic/https%3A%2F%2Fpbs.twimg.com%2Fmedia%2FEYj8OTtXsAIWx7Z.jpg%3Fname%3Dorig,ÔºßÔΩÖÔΩÅÔΩíÔº¢ÔΩâÔΩãÔΩÖÔΩíX,Twitter,,,2,0,0001-01-01 00:00:00,0001-01-01 00:00:00,2020-06-03 19:31:07.3265052,1
171,https://nitter.zyrio.app/pic/https%3A%2F%2Fpbs.twimg.com%2Fmedia%2FEVatWK0XgAceD4h.jpg%3Fname%3Dorig,subluminal,Twitter,,,2,0,0001-01-01 00:00:00,0001-01-01 00:00:00,2020-06-03 19:31:33.9931998,1
172,https://nitter.zyrio.app/pic/https%3A%2F%2Fpbs.twimg.com%2Fmedia%2FENCw_TPXYAAsI-P.jpg%3Fname%3Dorig,üÖÅüÑ±üÑª-01,Twitter,,,2,0,0001-01-01 00:00:00,0001-01-01 00:00:00,2020-06-03 19:31:47.8923267,1
173,https://scontent-lht6-1.cdninstagram.com/v/t51.2885-15/e35/81226834_482800079064906_502747154681501901_n.jpg?_nc_ht=scontent-lht6-1.cdninstagram.com&_nc_cat=106&_nc_ohc=_uyfJQRQheUAX-wUXu9&oh=ec2a6022adb0721879a91e1adc0969e9&oe=5F00A8F2,workgearfan,Instagram,https://www.instagram.com/p/B8vOkQVFYl_/,https://www.instagram.com/workgearfan/,2,0,0001-01-01 00:00:00,0001-01-01 00:00:00,2020-06-03 19:31:56.0284188,1
174,https://scontent-lht6-1.cdninstagram.com/v/t51.2885-15/e35/s1080x1080/90396911_628048747742787_2355075842082371553_n.jpg?_nc_ht=scontent-lht6-1.cdninstagram.com&_nc_cat=103&_nc_ohc=6YM_qlO6I60AX8aWCZU&oh=1de13082a2dd28cd44d8f14de6ea6d24&oe=5F013105,my_fetishlife,Instagram,https://www.instagram.com/p/B-E_qFnFRxM/,https://www.instagram.com/my_fetishlife/,2,0,0001-01-01 00:00:00,0001-01-01 00:00:00,2020-06-03 19:32:03.745878,1
176,https://scontent-lht6-1.cdninstagram.com/v/t51.2885-15/e35/s1080x1080/101010282_142086397409720_3263929160373037936_n.jpg?_nc_ht=scontent-lht6-1.cdninstagram.com&_nc_cat=108&_nc_ohc=a0AB7LWp76AAX_T5pLd&oh=57c1cb5acafd1ecb67a3e1d04da0481c&oe=5F0366CA,mariussneakertn,Instagram,https://www.instagram.com/p/CAvQQ7ZHQjM/,https://www.instagram.com/mariussneakertn/,2,0,0001-01-01 00:00:00,0001-01-01 00:00:00,2020-06-03 19:32:33.3034877,1
177,https://scontent-lhr8-1.cdninstagram.com/v/t51.2885-15/e35/p1080x1080/102362769_297554534610421_5470118859263387099_n.jpg?_nc_ht=scontent-lhr8-1.cdninstagram.com&_nc_cat=101&_nc_ohc=L2cfaHezee0AX8fKS7t&oh=22acc6b3e3c66702e41eedc609f28ea5&oe=5F002010,pupinbold,Instagram,https://www.instagram.com/p/CA-mc7slpf7/,https://www.instagram.com/pupinbold/,2,0,0001-01-01 00:00:00,0001-01-01 00:00:00,2020-06-03 19:33:13.3551507,1
178,https://scontent-lht6-1.cdninstagram.com/v/t51.2885-15/e35/p1080x1080/73385833_175308860285691_2051297029906860707_n.jpg?_nc_ht=scontent-lht6-1.cdninstagram.com&_nc_cat=103&_nc_ohc=6DWidZnyy-EAX8gITIY&oh=a6f9f5f3dbf835fd6d7405444d358c5d&oe=5F0002A4,gojoshgo,Instagram,https://www.instagram.com/p/B4VPadkhNja/,https://www.instagram.com/gojoshgo/,2,0,0001-01-01 00:00:00,0001-01-01 00:00:00,2020-06-03 19:33:44.1275223,1
179,https://scontent-lhr8-1.cdninstagram.com/v/t51.2885-15/e35/p1080x1080/100914327_276006410426581_4711222033330917000_n.jpg?_nc_ht=scontent-lhr8-1.cdninstagram.com&_nc_cat=101&_nc_ohc=lZ5NRT3s2GgAX8gq0y3&oh=5bb29d7eb1d1a99eb7c2f2f97758dca6&oe=5F007F4A,thereconian,Instagram,https://www.instagram.com/p/CApKHcfFoQt/,https://www.instagram.com/thereconian/,2,0,0001-01-01 00:00:00,0001-01-01 00:00:00,2020-06-03 19:34:10.5384507,1
180,https://scontent-lhr8-1.cdninstagram.com/v/t51.2885-15/e35/101076988_2687951544644807_8853498027701429951_n.jpg?_nc_ht=scontent-lhr8-1.cdninstagram.com&_nc_cat=111&_nc_ohc=IbXjIjw8YVIAX_Rkqo6&oh=1868e5f1fbf26bd5ab0b4490a2c01e0f&oe=5F02BFBF,fetischguy1983no2,Instagram,https://www.instagram.com/p/CA22Nn3KN7s/,https://www.instagram.com/fetischguy1983no2/,2,0,0001-01-01 00:00:00,0001-01-01 00:00:00,2020-06-03 19:34:58.5388211,1
181,https://nitter.zyrio.app/pic/https%3A%2F%2Fpbs.twimg.com%2Fmedia%2FEZKNYgqUEAEBihl.jpg%3Fname%3Dorig,Juno,Twitter,,,2,0,0001-01-01 00:00:00,0001-01-01 00:00:00,2020-06-03 19:35:35.1724979,1
182,https://nitter.zyrio.app/pic/https%3A%2F%2Fpbs.twimg.com%2Fmedia%2FEOwMwxoUwAAv5Fd.jpg%3Fname%3Dorig,PupHornüîúüè°,Twitter,,,2,0,0001-01-01 00:00:00,0001-01-01 00:00:00,2020-06-03 19:36:53.6799083,1
183,https://nitter.zyrio.app/pic/https%3A%2F%2Fpbs.twimg.com%2Fmedia%2FENrbh5hX0AALjQ4.jpg%3Fname%3Dorig,Greg Romaffisme,Twitter,,,2,0,0001-01-01 00:00:00,0001-01-01 00:00:00,2020-06-03 19:37:15.8517684,1
184,https://nitter.zyrio.app/pic/https%3A%2F%2Fpbs.twimg.com%2Fmedia%2FENHec2eWkAAq2NB.jpg%3Fname%3Dorig,CHOMP.,Twitter,,,2,0,0001-01-01 00:00:00,0001-01-01 00:00:00,2020-06-03 19:37:29.072019,1
185,https://nitter.zyrio.app/pic/https%3A%2F%2Fpbs.twimg.com%2Fmedia%2FEOv2ihOU8AAKE8e.jpg%3Fname%3Dorig,„Ç∏„É≥ Â∞ëÂ∞â 6-4&#x2F; Ëá™Á≤õ‰∏≠,Twitter,,,2,0,0001-01-01 00:00:00,0001-01-01 00:00:00,2020-06-03 19:37:55.4615716,1
186,https://nitter.zyrio.app/pic/https%3A%2F%2Fpbs.twimg.com%2Fmedia%2FEZa6aoRXYAAHpfq.jpg%3Fname%3Dorig,GearGuyUk,Twitter,,,2,0,0001-01-01 00:00:00,0001-01-01 00:00:00,2020-06-03 19:38:52.9010127,1
187,https://video.twimg.com/ext_tw_video/1267372838043803648/pu/vid/720x1188/whXTwIZ6MeBxF4NB.mp4?tag=10,mokkorizum,Twitter,,,2,1,0001-01-01 00:00:00,0001-01-01 00:00:00,2020-06-03 19:39:32.480344,1
188,https://nitter.zyrio.app/pic/https%3A%2F%2Fpbs.twimg.com%2Fmedia%2FEURU705UEAAhJAB.jpg%3Fname%3Dorig,„Ç∏„É≥ Â∞ëÂ∞â 6-4&#x2F; Ëá™Á≤õ‰∏≠,Twitter,,,2,0,0001-01-01 00:00:00,0001-01-01 00:00:00,2020-06-03 19:39:59.7890928,1
189,https://nitter.zyrio.app/pic/https%3A%2F%2Fpbs.twimg.com%2Fmedia%2FEZglKmaUEAAiJbV.jpg%3Fname%3Dorig,Augden,Twitter,,,2,0,0001-01-01 00:00:00,0001-01-01 00:00:00,2020-06-03 19:40:30.3848567,1
190,https://video.twimg.com/ext_tw_video/1264665685537329153/pu/vid/720x1280/lO4F-2RjwP4zIze_.mp4?tag=10,smmoru(„É¢„É´),Twitter,,,2,1,0001-01-01 00:00:00,0001-01-01 00:00:00,2020-06-03 19:41:17.9054231,1
191,https://nitter.zyrio.app/pic/https%3A%2F%2Fpbs.twimg.com%2Fmedia%2FEFJyq17XoAAnPiJ.jpg%3Fname%3Dorig,LSF - LeatherSamFinland,Twitter,,,2,0,0001-01-01 00:00:00,0001-01-01 00:00:00,2020-06-03 19:43:24.8155255,1
194,https://nitter.zyrio.app/pic/https%3A%2F%2Fpbs.twimg.com%2Fmedia%2FEZkuMxrVcAU0PHc.jpg%3Fname%3Dorig,GearTau,Twitter,,,2,0,0001-01-01 00:00:00,0001-01-01 00:00:00,2020-06-03 19:46:47.8495664,1
195,https://nitter.zyrio.app/pic/https%3A%2F%2Fpbs.twimg.com%2Fmedia%2FEZnFI3oX0AoAeND.jpg%3Fname%3Dorig,RootT,Twitter,,,2,0,0001-01-01 00:00:00,0001-01-01 00:00:00,2020-06-03 19:47:25.7516457,1
196,https://nitter.zyrio.app/pic/https%3A%2F%2Fpbs.twimg.com%2Fmedia%2FEZm2p9TWAAYd_EH.jpg%3Fname%3Dorig,Xanatos Puppy,Twitter,,,2,0,0001-01-01 00:00:00,0001-01-01 00:00:00,2020-06-03 19:48:24.4562311,1
197,https://nitter.zyrio.app/pic/https%3A%2F%2Fpbs.twimg.com%2Fmedia%2FEYCrSuwXYAE3TJ0.jpg%3Fname%3Dorig,MIKA,Twitter,,,2,0,0001-01-01 00:00:00,0001-01-01 00:00:00,2020-06-03 19:49:11.4432371,1
198,https://video.twimg.com/ext_tw_video/1267904986769481728/pu/vid/1280x720/XpL462UYxUk4XVYS.mp4?tag=10,üêæRubber Dog Broncoüêæ,Twitter,,,2,1,0001-01-01 00:00:00,0001-01-01 00:00:00,2020-06-03 19:56:11.2534713,1
199,https://nitter.zyrio.app/pic/https%3A%2F%2Fpbs.twimg.com%2Fmedia%2FEQ5XNvnWsAEGSCP.jpg%3Fname%3Dorig,Myco,Twitter,,,2,0,0001-01-01 00:00:00,0001-01-01 00:00:00,2020-06-03 19:57:34.4087065,1
200,https://nitter.zyrio.app/pic/https%3A%2F%2Fpbs.twimg.com%2Fmedia%2FETledCnXkAAebPx.jpg%3Fname%3Dorig,Pup Wave,Twitter,,,2,0,0001-01-01 00:00:00,0001-01-01 00:00:00,2020-06-03 19:58:37.7617605,1
201,https://nitter.zyrio.app/pic/https%3A%2F%2Fpbs.twimg.com%2Fmedia%2FDtMsRCBWkAML9tP.jpg%3Fname%3Dorig,just a gay dog called ninja üêï,Twitter,,,2,0,0001-01-01 00:00:00,0001-01-01 00:00:00,2020-06-03 19:59:47.2953152,1
202,https://nitter.zyrio.app/pic/https%3A%2F%2Fpbs.twimg.com%2Fmedia%2FDndUV1iVYAIZ4ss.jpg%3Fname%3Dorig,&quot;SJR&quot;,Twitter,,,2,0,0001-01-01 00:00:00,0001-01-01 00:00:00,2020-06-03 20:00:29.2313991,1
203,https://video.twimg.com/ext_tw_video/990965169629970433/pu/vid/720x1280/bGO6BPomoUPa-u28.mp4?tag=3,„Å±„Çì„Å±„Çì,Twitter,,,2,1,0001-01-01 00:00:00,0001-01-01 00:00:00,2020-06-03 20:02:19.662033,1
204,https://nitter.zyrio.app/pic/https%3A%2F%2Fpbs.twimg.com%2Fmedia%2FDjMue0TWwAURuwo.jpg%3Fname%3Dorig,It&#x27;s A DErP DroNe,Twitter,,,2,0,0001-01-01 00:00:00,0001-01-01 00:00:00,2020-06-03 20:02:31.9521298,1
205,https://nitter.zyrio.app/pic/https%3A%2F%2Fpbs.twimg.com%2Fmedia%2FDjEVbtkXcAcnQBG.jpg%3Fname%3Dorig,Pup Scout,Twitter,,,2,0,0001-01-01 00:00:00,0001-01-01 00:00:00,2020-06-03 20:02:48.3394942,1
206,https://nitter.zyrio.app/pic/https%3A%2F%2Fpbs.twimg.com%2Fmedia%2FDi7GAspX0AA7eS6.jpg%3Fname%3Dorig,Sky,Twitter,,,2,0,0001-01-01 00:00:00,0001-01-01 00:00:00,2020-06-03 20:03:29.7422703,1
207,https://nitter.zyrio.app/pic/https%3A%2F%2Fpbs.twimg.com%2Fmedia%2FDbUw1mvXkAI3-og.jpg%3Fname%3Dorig,Ultor Merrick,Twitter,,,2,0,0001-01-01 00:00:00,0001-01-01 00:00:00,2020-06-03 20:03:42.6478904,1
208,https://nitter.zyrio.app/pic/https%3A%2F%2Fpbs.twimg.com%2Fmedia%2FDhYRzkTXUAAba01.jpg%3Fname%3Dorig,MattInRubber,Twitter,,,2,0,0001-01-01 00:00:00,0001-01-01 00:00:00,2020-06-03 20:04:05.5523818,1
209,https://nitter.zyrio.app/pic/https%3A%2F%2Fpbs.twimg.com%2Fmedia%2FDgDObuNUYAAeybX.jpg%3Fname%3Dorig,Zakos üá®üá¶ @ GBEU 2020,Twitter,,,2,0,0001-01-01 00:00:00,0001-01-01 00:00:00,2020-06-03 20:04:21.227428,1
210,https://nitter.zyrio.app/pic/https%3A%2F%2Fpbs.twimg.com%2Fmedia%2FDftKWaTVMAAznRB.jpg%3Fname%3Dorig,üé• Dart_Tech Studios ‚úàÔ∏è,Twitter,,,2,0,0001-01-01 00:00:00,0001-01-01 00:00:00,2020-06-03 20:04:32.8115724,1
211,https://nitter.zyrio.app/pic/https%3A%2F%2Fpbs.twimg.com%2Fmedia%2FDeDdQijWsAEQ9yv.jpg%3Fname%3Dorig,Trikoot,Twitter,,,2,0,0001-01-01 00:00:00,0001-01-01 00:00:00,2020-06-03 20:05:14.9226903,1
213,https://nitter.zyrio.app/pic/https%3A%2F%2Fpbs.twimg.com%2Fmedia%2FDd9ZqkzU0AASGLK.jpg%3Fname%3Dorig,SILVER SCALLY,Twitter,,,2,0,0001-01-01 00:00:00,0001-01-01 00:00:00,2020-06-03 20:06:05.3278327,1
214,https://nitter.zyrio.app/pic/https%3A%2F%2Fpbs.twimg.com%2Fmedia%2FDdf-l6uVwAA6iiv.jpg%3Fname%3Dorig,A Horse of Course,Twitter,,,2,0,0001-01-01 00:00:00,0001-01-01 00:00:00,2020-06-03 20:06:24.7698038,1
215,https://nitter.zyrio.app/pic/https%3A%2F%2Fpbs.twimg.com%2Fmedia%2FDbzAY1FW0AAusIs.jpg%3Fname%3Dorig,Naughty Worky,Twitter,,,2,0,0001-01-01 00:00:00,0001-01-01 00:00:00,2020-06-03 20:06:41.6632517,1
216,https://nitter.zyrio.app/pic/https%3A%2F%2Fpbs.twimg.com%2Fmedia%2FEPvCL4jUcAonvY_.jpg%3Fname%3Dorig,Exe - BLACK LIVES MATTER,Twitter,,,2,0,0001-01-01 00:00:00,0001-01-01 00:00:00,2020-06-03 20:08:57.2304714,1
217,https://nitter.zyrio.app/pic/https%3A%2F%2Fpbs.twimg.com%2Fmedia%2FEUTV2HbWkAAJPRn.jpg%3Fname%3Dorig,funingear,Twitter,,,2,0,0001-01-01 00:00:00,0001-01-01 00:00:00,2020-06-03 20:09:32.0389402,1
218,https://nitter.zyrio.app/pic/https%3A%2F%2Fpbs.twimg.com%2Fmedia%2FEWAc6b_X0AETb4V.jpg%3Fname%3Dorig,funingear,Twitter,,,2,0,0001-01-01 00:00:00,0001-01-01 00:00:00,2020-06-03 20:10:08.6665815,1
220,https://scontent-lht6-1.cdninstagram.com/v/t51.2885-15/e35/s1080x1080/94574628_262921324859093_8862886549793214359_n.jpg?_nc_ht=scontent-lht6-1.cdninstagram.com&_nc_cat=105&_nc_ohc=t5LwIBrmNA8AX83XFff&oh=c676874d2797e71b447b2296c2e3861f&oe=5F010CDC,mariussneakertn,Instagram,https://www.instagram.com/p/B_fg4SVntuo/,https://www.instagram.com/mariussneakertn/,2,0,0001-01-01 00:00:00,0001-01-01 00:00:00,2020-06-03 20:13:55.9539196,1
221,https://scontent-lhr8-1.cdninstagram.com/v/t51.2885-15/e35/s1080x1080/100895708_277944216668325_2757594137855786765_n.jpg?_nc_ht=scontent-lhr8-1.cdninstagram.com&_nc_cat=109&_nc_ohc=v_rRMLET-3sAX_Mdbey&oh=0bb417eef35d7a785ba57452118a505d&oe=5F002E39,aasssoxx.shop,Instagram,https://www.instagram.com/p/CAiUjo7n0ag/,https://www.instagram.com/aasssoxx.shop/,2,0,0001-01-01 00:00:00,0001-01-01 00:00:00,2020-06-03 20:15:32.3728621,1
225,https://nitter.net/pic/https%3A%2F%2Fpbs.twimg.com%2Fmedia%2FEZmQ_NpX0AAlCg6.jpg%3Fname%3Dorig,Dgb64,Twitter,https://twitter.com/Dgb641/status/1268204197410938883,https://twitter.com/Dgb641,2,0,0001-01-01 00:00:00,0001-01-01 00:00:00,2020-06-04 00:07:30.0373742,1
226,https://nitter.net/pic/https%3A%2F%2Fpbs.twimg.com%2Fmedia%2FEZnSu1ZXkAYv6NO.jpg%3Fname%3Dorig,&#x2F;&#x2F;RUBBER.DRONE-4282,Twitter,https://twitter.com/rubberlatexio/status/1268276949140606980,https://twitter.com/rubberlatexio,2,0,0001-01-01 00:00:00,0001-01-01 00:00:00,2020-06-04 00:07:36.4334979,1
227,https://nitter.net/pic/https%3A%2F%2Fpbs.twimg.com%2Fmedia%2FEZlRP_TXgAUyx-7.jpg%3Fname%3Dorig,Alpha Pup Twilight,Twitter,https://twitter.com/Alpha_Twilight/status/1268134118560272384,https://twitter.com/Alpha_Twilight,2,0,0001-01-01 00:00:00,0001-01-01 00:00:00,2020-06-04 00:10:20.9947755,1
228,https://nitter.net/pic/https%3A%2F%2Fpbs.twimg.com%2Fmedia%2FEZnmJ1dUYAEEn_J.jpg%3Fname%3Dorig,theo,Twitter,https://twitter.com/theo11231/status/1268297847100764160,https://twitter.com/theo11231,2,0,0001-01-01 00:00:00,0001-01-01 00:00:00,2020-06-04 00:11:05.8196604,1
229,https://nitter.net/pic/https%3A%2F%2Fpbs.twimg.com%2Fmedia%2FDeJ3oATXUAIMqAA.jpg%3Fname%3Dorig,Will be back,Twitter,https://twitter.com/PupBluzee/status/1000494559388930051,https://twitter.com/PupBluzee,2,0,0001-01-01 00:00:00,0001-01-01 00:00:00,2020-06-04 00:13:04.6089396,1
231,https://video.twimg.com/ext_tw_video/970248500830261248/pu/vid/360x640/7YIneRH0YsYRompD.mp4,Joggerguy,Twitter,https://twitter.com/joggersguy1/status/970248811649126400,https://twitter.com/joggersguy1,2,1,0001-01-01 00:00:00,0001-01-01 00:00:00,2020-06-04 00:16:12.132082,1
232,https://nitter.net/pic/https%3A%2F%2Fpbs.twimg.com%2Fmedia%2FDccvFl-WkAAl5bP.jpg%3Fname%3Dorig,H√ºsky,Twitter,https://twitter.com/ArmyPup86/status/992814395716702208,https://twitter.com/ArmyPup86,2,0,0001-01-01 00:00:00,0001-01-01 00:00:00,2020-06-04 00:16:41.4372951,1
233,https://nitter.net/pic/https%3A%2F%2Fpbs.twimg.com%2Fmedia%2FDdgRICZXkAAHJwP.jpg%3Fname%3Dorig,üê∂,Twitter,https://twitter.com/PupTyler/status/997566159858929664,https://twitter.com/PupTyler,2,0,0001-01-01 00:00:00,0001-01-01 00:00:00,2020-06-04 00:16:59.4274446,1
234,https://nitter.net/pic/https%3A%2F%2Fpbs.twimg.com%2Fmedia%2FDdQg4ijXcAI8fdc.jpg%3Fname%3Dorig,Soccerboilover,Twitter,https://twitter.com/soccerboilover/status/996457587905265665,https://twitter.com/soccerboilover,2,0,0001-01-01 00:00:00,0001-01-01 00:00:00,2020-06-04 00:17:12.6331007,1
